structureId,classification,sequence
Q1XG90,HYDROLASE/LYSOZYME C,MNFLILFCVVASASVVYSSISDQCLRCICEVESGCRAIGCHWDVYSNSCGYFQIKQGYWTDCGSPGHSMESCADNYNCASGCVRSYMDHYIKYNGCADTCESYARMHNGGPNGCKSSHHHATDNYWRLVQAKGCS
P00709,HYDROLASE/LYSOZYME C,MRFFVPLFLVGILFPAILAKQFTKCELSQLLKDIDGYGGIALPELICTMFHTSGYDTQAIVENNESTEYGLFQISNKLWCKSSQVPQSRNICDISCDKFLDDDITDDIMCAKKILDIKGIDYWLAHKALCTEKLEQWLCEKL
O76357,HYDROLASE/LYSOZYME C,MFVKSLVFLTIAVAYASADCLHCICMRESGCKPIGCNMDVGSLSCGYYQIKLPYYEDCGQPTKKSGETTEAAWKRCANDLSCATTCVENYYNRYKSQCAGTGQGACEVMARNHNGGPQGCKHSGTLGYWNGIKSCCGCS
P05105,HYDROLASE/LYSOZYME C,MTKYVILLAVLAFALHCDAKRFTRCGLVQELRRLGFDETLMSNWVCLVENESGRFTDKIGKVNKNGSRDYGLFQINDKYWCSKGTTPGKDCNVTCNQLLTDDISVAATCAKKIYKRHKFDAWYGWKNHCQHGLPDISDC
Q7LZQ1,HYDROLASE/LYSOZYME C,GKIYEQCELAREFKRHGMDGYHGYSLGDWVCTAKHESNFNTAATNYNRGDQSTDYGILQINSRWWCNDGKTPKAKNACGIECSELLKADITAAVNCAKRIVRDPNGMGAWVAWTKYCKGKDVSQWIKGCKL
P48816,HYDROLASE/LYSOZYME C,MQKLIIFALVVLCVGSEAKTFTRCGLVHELRKHGFEENLMRNWVCLVEHESSRDTSKTNTNRNGSKDYGLFQINDRYWCSKGASPGKDCNVKCSDLLTDDITKAAKCAKKIYKRHRFDAWYGWKNHCQGSLPDISSC
P85345,HYDROLASE/LYSOZYME C,KIYEQCEAAREMKRLGLDGYDGYSLGDWVCTAKHESNFNTGATNYNRGDQSTDYGIFQINSRWWCNDGKTPNAKNACGIECSELLKADITAAVICAKRVVRDPNGMGAWVAWTKYCKGKDVSQWIKGCKL
P00708,HYDROLASE/LYSOZYME C,KDIPRCELVKILRRHGFEGFVGKTVANWVCLVKHESGYRTTAFNNNGPNSRDYGIFQINSKYWCNDGKTRGSKNACNINCSKLRDDNIADDIQCAKKIAREARGLTPWVAWKKYCQGKDLSSYVRGC
P29615,HYDROLASE/LYSOZYME C,MKAFLVICALTLTAVATQARTMDRCSLAREMSKLGVPRDQLAKWTCIAQHESSFRTGVVGPANSNGSNDYGIFQINNKYWCKPADGRFSYNECGLSCNALLTDDITNSVKCARKIQRQQGWTAWSTWKYCSGSLPSINSCF
P83972,HYDROLASE/LYSOZYME C,MKAFIVLVALACAAPAFGRTMDRCSLAREMSNLGVPRDQLARWACIAEHESSYRTGVVGPENYNGSNDYGIFQINDYYWCAPPSGRFSYNECGLSCNALLTDDITHSVRCAQKVLSQQGWSAWSTWHYCSGWLPSIDDCF
P37159,HYDROLASE/LYSOZYME C,MKAFIVLVALAMAAPALGRTLDRCSLAREMSNLGVPRDQLARWACIAEHESSYRTGVVGPENYNGSNDYGIFQINNYYWCAPPSGRFSYNECGLSCNALLTDDITHSVRCAQKVLSQQGWSAWSTWHYCSGWLPSIDGCF
P37161,HYDROLASE/LYSOZYME C,MRALLGICVLALVTPAVLGRTMDRCSLAREMANMGVSRDQLSKWACIAEHESSYRTGVVGPPNTDGSNDYGIFQINDMYWCQPSSGKFSHNGCDVSCNALLTDDIKSSVRCALKVLGQQGWSAWSTWHYCSGYLPPIDDCFV
P16973,HYDROLASE/LYSOZYME C,KIYERCELARTLKKLGLDGYKGVSLANWMCLAKWESSYNTRATNYNPGDKSTDYGIFQINSRYWCNDGKTPRAVNACHIPCSDLLKDDITQAVACAKRVVSDPQGIRAWVAWRNHCQNQDLTPYIRGCGV
P12067,HYDROLASE/LYSOZYME C,KVYDRCEFARILKKSGMDGYRGVSLANWVCLAKWESDFNTKAINRNVGSTDYGIFQINSRYWCNDGKTPKAVNACHISCKVLLDDDLSQDIECAKRVVRDPQGIKAWVAWRTHCQNKDVSQYIRGCKL
P22910,HYDROLASE/LYSOZYME C,KVYGRCELAAAMKRLGLDNYRGYSLGNWVCAAKFESNFNTHATNRNTDGSTDYGILQINSRWWCNDGRTPGSRNLCHIPCSALLSSDITASVNCAKKIVSDGNGMNAWVAWRNRCKGTDVNAWTRGCRL
P80190,HYDROLASE/LYSOZYME C,KVFERCELARTLKRFGMDGFRGISLANWMCLARWESSYNTQATNYNSGDRSTDYGIFQINSHWWCNDGKTPGAVNACHIPCSALLQDDITQAVACAKRVVSDPQGIRAWVAWRSHCQNQDLTSYIQGCGV
P12066,HYDROLASE/LYSOZYME C,KVFERCELARTLKELGLDGYKGVSLANWLCLTKWESSYNTKATNYNPGSESTDYGIFQINSKWWCDDGKTPNAVDGCHVACSELMENNIDKAVTCAKQIVREQGITAWVAWKSHCRGHDVSSYVEGCTL
P00711,HYDROLASE/LYSOZYME C,MMSFVSLLLVGILFHATQAEQLTKCEVFRELKDLKGYGGVSLPEWVCTTFHTSGYDTQAIVQNNDSTEYGLFQINNKIWCKDDQNPHSSNICNISCDKFLDDDLTDDIMCVKKILDKVGINYWLAHKALCSEKLDQWLCEKL
D9J142,HYDROLASE/LYSOZYME C,MKFFIVLLAALALFTPAFGKTFTRCSLAKEVYALGVPKSELPQWTCIAEHGSSYRTNVVGPTNSNGSNDYGIFQINNYYWCQPANGRFSYNECKLSCNDLLTDNISNSVKCARKIKSQQGWTAWSTWKYCSGSLPSINDCF
Q6L6Q6,HYDROLASE/LYSOZYME C,MQRLLGSIVILATVFTFCEATISSACLRCICNVESGCRPIGCHYDVYSYSCGYFQIKENYWEDCGKPGTSFKACANDYTCASNCVRAYMKRYIGSSGCPANCESYARIHNGGPRGCRHPSTLRYWEKVHQQGCNVNS
